id,tag
0,ad
1,adipisicing
2,aliqua
3,aliquip
4,amet
5,anim
6,aute
7,cillum
8,commodo
9,consectetur
10,consequat
11,culpa
12,cupidatat
13,deserunt
14,do
15,dolor
16,dolore
17,duis
18,ea
19,eiusmod
20,elit
21,enim
22,esse
23,est
24,et
25,eu
26,ex
27,excepteur
28,exercitation
29,fugiat
30,id
31,in
32,incididunt
33,ipsum
34,irure
35,labore
36,laboris
37,laborum
38,Lorem
39,magna
40,minim
41,mollit
42,nisi
43,non
44,nostrud
45,nulla
46,occaecat
47,officia
48,pariatur
49,proident
50,qui
51,quis
52,reprehenderit
53,sint
54,sit
55,sunt
56,tempor
57,ullamco
58,ut
59,velit
60,veniam
61,voluptate
